name,position,team,xP,assists,bonus,bps,clean_sheets,creativity,element,expected_assists,expected_goal_involvements,expected_goals,expected_goals_conceded,goals_conceded,goals_scored,minutes,own_goals,penalties_saved,red_cards,saves,penalties_missed,selected,threat,total_points,value
Aaron Hickey,DEF,Brentford,1.7594594594594593,0.08108108108108109,0.05405405405405406,7.837837837837838,0.10810810810810811,3.2378378378378376,510.0,0.011891891891891892,0.019189189189189187,0.008378378378378378,0.4789189189189189,0.8108108108108109,0.0,49.972972972972975,0.0,0.0,0.0,0.0,0.0,33320.89189189189,2.6486486486486487,1.5405405405405406,49.32432432432432
Aaron Ramsdale,GK,Arsenal,4.027027027027027,0.0,0.24324324324324326,17.45945945945946,0.35135135135135137,0.0,15.0,0.0004375675675675676,0.0004375675675675676,0.0,0.8213162162162162,1.162162162162162,0.0,90.0,0.0,0.0,0.0,2.5405405405405403,0.0,1272560.810810811,0.0,3.7027027027027026,49.054054054054056
Aaron Wan-Bissaka,DEF,Man Utd,2.5675675675675675,0.0,0.08108108108108109,8.324324324324325,0.21621621621621623,5.9648648648648654,341.0,0.02485972972972973,0.0566354054054054,0.032045945945945946,0.5179567567567568,0.2702702702702703,0.0,38.7027027027027,0.0,0.0,0.0,0.0,0.0,78197.27027027027,3.2972972972972974,1.8108108108108107,43.16216216216216
Abdoulaye Doucouré,MID,Everton,1.2405405405405405,0.05405405405405406,0.1891891891891892,6.27027027027027,0.08108108108108109,6.416216216216216,185.0,0.03945081081081081,0.09760756756756757,0.06437297297297298,0.7606216216216216,0.7297297297297297,0.10810810810810811,38.83783783783784,0.0,0.0,0.02702702702702703,0.0,0.0,9409.135135135135,5.945945945945946,1.7567567567567568,53.16216216216216
Adam Smith,DEF,Bournemouth,1.4216216216216218,0.02702702702702703,0.13513513513513514,10.513513513513514,0.1891891891891892,7.070270270270271,57.0,0.019994594594594593,0.022156756756756758,0.0024324324324324323,0.8370054054054055,1.5405405405405406,0.0,77.24324324324324,0.0,0.0,0.0,0.0,0.0,20581.783783783783,2.3783783783783785,1.972972972972973,43.648648648648646
Alex Iwobi,MID,Everton,3.045945945945946,0.21621621621621623,0.24324324324324326,14.891891891891891,0.21621621621621623,23.997297297297298,186.0,0.07320243243243243,0.11655918918918919,0.049302702702702705,1.1638945945945944,1.5135135135135136,0.05405405405405406,88.89189189189189,0.0,0.0,0.0,0.0,0.0,119253.2972972973,9.675675675675675,3.324324324324324,53.486486486486484
Alexander Isak,FWD,Newcastle,3.014705882352941,0.058823529411764705,0.5294117647058824,10.323529411764707,0.11764705882352941,7.158823529411765,594.0,0.03664264705882353,0.18051911764705883,0.16652352941176468,0.42211470588235295,0.5588235294117647,0.29411764705882354,42.14705882352941,0.0,0.0,0.0,0.0,0.0,496975.9411764706,19.852941176470587,2.8823529411764706,67.61764705882354
Alexandre Moreno Lopera,DEF,Aston Villa,4.163157894736842,0.15789473684210525,0.2631578947368421,14.631578947368421,0.3684210526315789,16.900000000000002,694.0,0.13509736842105263,0.15079736842105262,0.030963157894736845,0.9384999999999999,0.5263157894736842,0.0,69.73684210526316,0.0,0.0,0.0,0.0,0.0,137773.7894736842,7.947368421052632,3.789473684210526,44.526315789473685
Alexis Mac Allister,MID,Brighton,3.8594594594594596,0.05405405405405406,0.4864864864864865,15.08108108108108,0.2702702702702703,19.16216216216216,116.0,0.08484972972972973,0.28515513513513513,0.2340891891891892,0.6248324324324325,1.162162162162162,0.2702702702702703,75.45945945945945,0.02702702702702703,0.0,0.0,0.0,0.0,635706.5405405406,18.62162162162162,3.72972972972973,55.054054054054056
Alisson Ramses Becker,GK,Liverpool,4.92972972972973,0.02702702702702703,0.40540540540540543,22.27027027027027,0.3783783783783784,0.27297297297297296,281.0,0.0006867567567567567,0.0006867567567567567,0.0,0.839472972972973,1.162162162162162,0.0,90.0,0.0,0.02702702702702703,0.0,2.891891891891892,0.0,1655123.8918918918,0.0,4.378378378378378,54.2972972972973
Amadou Onana,MID,Everton,1.9305555555555556,0.08333333333333333,0.05555555555555555,8.194444444444445,0.2222222222222222,7.866666666666666,577.0,0.023964444444444444,0.05549222222222222,0.035694444444444445,0.8035416666666667,1.0277777777777777,0.027777777777777776,66.55555555555556,0.0,0.0,0.0,0.0,0.0,17979.805555555555,7.75,2.0555555555555554,48.333333333333336
Andreas Hoelgebaum Pereira,MID,Fulham,3.1810810810810812,0.2702702702702703,0.24324324324324326,9.72972972972973,0.21621621621621623,25.6,346.0,0.06266324324324324,0.18077945945945945,0.13271081081081082,0.7041864864864865,1.0810810810810811,0.10810810810810811,72.86486486486487,0.0,0.0,0.0,0.0,0.0,2166575.081081081,13.27027027027027,3.324324324324324,44.891891891891895
Andrew Robertson,DEF,Liverpool,3.8216216216216217,0.21621621621621623,0.2702702702702703,17.10810810810811,0.24324324324324326,23.3,284.0,0.1262045945945946,0.14944783783783783,0.023243243243243245,0.6739405405405405,0.918918918918919,0.0,69.70270270270271,0.0,0.0,0.0,0.0,0.0,672759.6216216217,5.702702702702703,3.27027027027027,68.02702702702703
Angelo Ogbonna,DEF,West Ham,0.9621621621621622,0.0,0.10810810810810811,5.864864864864865,0.10810810810810811,0.9513513513513514,456.0,0.001962972972972973,0.009160270270270271,0.006927027027027026,0.5426621621621621,0.5135135135135135,0.0,33.351351351351354,0.0,0.0,0.0,0.0,0.0,8002.7027027027025,0.6486486486486487,1.1891891891891893,44.21621621621622
Antonee Robinson,DEF,Fulham,2.32972972972973,0.05405405405405406,0.13513513513513514,14.702702702702704,0.24324324324324326,10.95945945945946,217.0,0.025318648648648648,0.025048378378378377,0.0013513513513513514,0.9194702702702703,1.135135135135135,0.0,81.02702702702703,0.0,0.0,0.0,0.0,0.0,32751.108108108107,1.4864864864864864,2.4864864864864864,44.189189189189186
Antony Matheus dos Santos,MID,Man Utd,3.315625,0.0625,0.125,8.1875,0.375,12.4,609.0,0.060969062500000004,0.1933034375,0.156084375,0.56766875,0.65625,0.125,56.34375,0.0,0.0,0.0,0.0,0.0,480212.34375,19.375,2.5625,73.96875
Armel Bella-Kotchap,DEF,Southampton,1.1108108108108108,0.05405405405405406,0.13513513513513514,9.324324324324325,0.08108108108108109,2.064864864864865,423.0,0.0068518918918918925,0.017122162162162162,0.010270270270270271,0.6271297297297298,1.054054054054054,0.0,50.83783783783784,0.0,0.0,0.0,0.0,0.0,18169.783783783783,2.8378378378378377,1.3243243243243243,45.0
Ashley Young,DEF,Aston Villa,2.418918918918919,0.0,0.21621621621621623,10.486486486486486,0.24324324324324326,6.027027027027027,538.0,0.00921945945945946,0.013984324324324324,0.00881891891891892,0.5797675675675675,0.7567567567567568,0.02702702702702703,54.891891891891895,0.0,0.0,0.0,0.0,0.0,74881.21621621621,2.081081081081081,2.3513513513513513,43.810810810810814
Ben Mee,DEF,Brentford,3.651351351351351,0.05405405405405406,0.2972972972972973,16.783783783783782,0.2972972972972973,2.4864864864864864,526.0,0.00935972972972973,0.05741108108108108,0.04859189189189189,0.8058891891891893,1.0810810810810811,0.08108108108108109,85.91891891891892,0.0,0.0,0.0,0.0,0.0,1109916.4324324324,8.297297297297296,3.7027027027027026,47.7027027027027
Benjamin White,DEF,Arsenal,4.267567567567568,0.13513513513513514,0.32432432432432434,19.18918918918919,0.3783783783783784,13.275675675675675,10.0,0.07582270270270271,0.08197405405405406,0.02642162162162162,0.7082216216216216,0.9459459459459459,0.05405405405405406,80.10810810810811,0.0,0.0,0.0,0.0,0.0,1211414.8918918918,4.297297297297297,4.054054054054054,46.891891891891895
Benoît Badiashile,DEF,Chelsea,2.0333333333333337,0.0,0.09523809523809523,9.952380952380953,0.19047619047619047,2.3380952380952382,689.0,0.00971047619047619,0.06963428571428572,0.059923809523809525,0.5861380952380952,0.42857142857142855,0.047619047619047616,43.04761904761905,0.0,0.0,0.0,0.0,0.0,64013.04761904762,3.857142857142857,1.9047619047619047,50.0
Bernardo Veiga de Carvalho e Silva,MID,Man City,4.0027027027027025,0.16216216216216217,0.24324324324324326,11.54054054054054,0.1891891891891892,13.91891891891892,311.0,0.05237081081081081,0.07456540540540542,0.022194594594594597,0.3788189189189189,0.6486486486486487,0.10810810810810811,59.351351351351354,0.0,0.0,0.0,0.0,0.0,773644.8918918918,11.45945945945946,2.864864864864865,68.29729729729729
Bernd Leno,GK,Fulham,3.467567567567568,0.0,0.4594594594594595,20.10810810810811,0.21621621621621623,0.2702702702702703,2.0,0.0002489189189189189,0.0002489189189189189,0.0,0.9769756756756757,1.3243243243243243,0.0,85.13513513513513,0.0,0.02702702702702703,0.0,3.72972972972973,0.0,265141.91891891893,0.0,3.7567567567567566,45.21621621621622
Bobby De Cordova-Reid,MID,Fulham,2.6567567567567565,0.02702702702702703,0.08108108108108109,7.8108108108108105,0.21621621621621623,8.635135135135135,205.0,0.02855189189189189,0.06129243243243243,0.03787567567567567,0.6568810810810811,1.0810810810810811,0.10810810810810811,66.83783783783784,0.0,0.0,0.0,0.0,0.0,17024.216216216217,13.567567567567568,2.4324324324324325,54.729729729729726
Boubacar Kamara,MID,Aston Villa,0.918918918918919,0.02702702702702703,0.0,5.972972972972973,0.08108108108108109,3.3000000000000003,53.0,0.020578378378378382,0.0237972972972973,0.0032189189189189187,0.5786162162162162,0.7837837837837838,0.0,45.486486486486484,0.0,0.0,0.0,0.0,0.0,11423.135135135135,1.0,1.135135135135135,48.351351351351354
Brenden Aaronson,MID,Leeds,2.1432432432432433,0.10810810810810811,0.0,6.216216216216216,0.13513513513513514,17.90810810810811,246.0,0.031384054054054054,0.07687054054054054,0.05845945945945947,0.8007486486486487,1.5135135135135136,0.02702702702702703,63.08108108108108,0.0,0.0,0.0,0.0,0.0,97667.08108108108,11.864864864864865,2.2162162162162162,54.16216216216216
Brennan Johnson,FWD,Nott'm Forest,2.42972972972973,0.13513513513513514,0.40540540540540543,10.27027027027027,0.1891891891891892,10.097297297297297,394.0,0.0424872972972973,0.17286297297297298,0.1438891891891892,0.9002486486486487,1.4324324324324325,0.21621621621621623,76.75675675675676,0.0,0.0,0.0,0.0,0.05405405405405406,171697.97297297296,19.7027027027027,3.2432432432432434,57.189189189189186
Bruno Borges Fernandes,MID,Man Utd,5.08918918918919,0.24324324324324326,0.5405405405405406,19.18918918918919,0.4864864864864865,38.85675675675676,333.0,0.2108208108108108,0.38286405405405405,0.18042162162162162,0.8596675675675676,1.027027027027027,0.1891891891891892,87.4054054054054,0.0,0.0,0.0,0.0,0.0,693461.8918918918,23.91891891891892,4.486486486486487,97.29729729729729
Bruno Guimarães Rodriguez Moura,MID,Newcastle,2.7864864864864862,0.13513513513513514,0.13513513513513514,11.594594594594595,0.32432432432432434,16.445945945945947,374.0,0.0778845945945946,0.12975216216216215,0.060516216216216216,0.4754,0.6486486486486487,0.10810810810810811,71.27027027027027,0.0,0.0,0.0,0.0,0.0,416866.5675675676,7.54054054054054,2.8378378378378377,56.2972972972973
Bryan Mbeumo,FWD,Brentford,3.4567567567567568,0.21621621621621623,0.5135135135135135,14.567567567567568,0.24324324324324326,20.71081081081081,95.0,0.10023405405405406,0.2506043243243243,0.16145135135135136,0.680627027027027,1.054054054054054,0.24324324324324326,76.13513513513513,0.0,0.0,0.0,0.0,0.0,319694.86486486485,23.405405405405407,3.918918918918919,58.54054054054054
Bukayo Saka,MID,Arsenal,6.37027027027027,0.32432432432432434,0.5135135135135135,17.675675675675677,0.32432432432432434,29.508108108108107,13.0,0.11171513513513515,0.2903772972972973,0.17893243243243243,0.7761810810810811,1.135135135135135,0.35135135135135137,84.43243243243244,0.0,0.0,0.0,0.0,0.02702702702702703,2821549.6486486485,31.45945945945946,5.297297297297297,81.56756756756756
Carlos Alcaraz,MID,Southampton,1.9684210526315788,0.05263157894736842,0.21052631578947367,7.315789473684211,0.0,3.068421052631579,693.0,0.03241368421052632,0.12030842105263158,0.08842105263157894,0.9989105263157894,1.105263157894737,0.21052631578947367,49.1578947368421,0.0,0.0,0.0,0.0,0.0,2351.7894736842104,9.68421052631579,2.6315789473684212,50.0
Carlos Henrique Casimiro,MID,Man Utd,2.820588235294118,0.08823529411764706,0.29411764705882354,11.0,0.29411764705882354,10.705882352941176,593.0,0.07220558823529412,0.1571144117647059,0.08490882352941176,0.6236882352941177,0.6176470588235294,0.11764705882352941,60.470588235294116,0.0,0.0,0.058823529411764705,0.0,0.0,222214.9411764706,7.676470588235294,2.5,49.11764705882353
Cheick Doucouré,MID,Crystal Palace,1.7594594594594593,0.08108108108108109,0.08108108108108109,10.72972972972973,0.1891891891891892,9.345945945945946,514.0,0.01909945945945946,0.039275135135135135,0.02477027027027027,0.707527027027027,1.0810810810810811,0.0,73.05405405405405,0.0,0.0,0.02702702702702703,0.0,0.0,12809.972972972973,4.243243243243243,1.945945945945946,50.0
Christian Eriksen,MID,Man Utd,2.689189189189189,0.24324324324324326,0.21621621621621623,11.378378378378379,0.35135135135135137,13.82972972972973,519.0,0.046076216216216215,0.13862486486486486,0.09254864864864865,0.3487945945945946,0.6756756756756757,0.02702702702702703,54.648648648648646,0.0,0.0,0.0,0.0,0.0,298616.64864864864,8.27027027027027,2.7567567567567566,62.83783783783784
Christian Nørgaard,MID,Brentford,2.4675675675675675,0.16216216216216217,0.16216216216216217,8.35135135135135,0.16216216216216217,4.694594594594595,79.0,0.038515405405405406,0.07104783783783783,0.03388378378378378,0.5546567567567567,0.6216216216216216,0.02702702702702703,47.648648648648646,0.0,0.0,0.0,0.0,0.0,22466.54054054054,7.27027027027027,1.9189189189189189,53.37837837837838
Clément Lenglet,DEF,Spurs,2.116216216216216,0.05405405405405406,0.16216216216216217,10.08108108108108,0.13513513513513514,3.635135135135135,513.0,0.013785945945945946,0.02441297297297297,0.010627027027027027,0.5249486486486485,0.918918918918919,0.0,52.108108108108105,0.0,0.0,0.0,0.0,0.0,35946.67567567567,3.4054054054054053,1.6486486486486487,48.189189189189186
Cody Gakpo,MID,Liverpool,4.928571428571429,0.14285714285714285,0.19047619047619047,11.0,0.2857142857142857,12.90952380952381,680.0,0.08110666666666667,0.33411142857142856,0.25586190476190473,0.9203904761904761,0.8571428571428571,0.2857142857142857,67.71428571428571,0.0,0.0,0.0,0.0,0.0,472429.28571428574,19.761904761904763,4.0,77.57142857142857
Craig Dawson,DEF,West Ham,2.205405405405405,0.02702702702702703,0.1891891891891892,10.54054054054054,0.1891891891891892,1.0054054054054056,459.0,0.006016486486486486,0.04472459459459459,0.03870810810810811,0.8682513513513515,0.8378378378378378,0.02702702702702703,57.67567567567568,0.0,0.0,0.0,0.0,0.0,59474.27027027027,3.918918918918919,2.027027027027027,48.16216216216216
Cristian Romero,DEF,Spurs,1.7324324324324323,0.05405405405405406,0.08108108108108109,12.08108108108108,0.21621621621621623,3.3513513513513513,443.0,0.016702972972972973,0.038108378378378376,0.022216216216216216,0.7023135135135135,1.1081081081081081,0.0,63.86486486486486,0.0,0.0,0.02702702702702703,0.0,0.0,161026.62162162163,2.4054054054054053,1.7837837837837838,49.08108108108108
Dan Burn,DEF,Newcastle,3.505405405405405,0.0,0.16216216216216217,15.756756756756756,0.3783783783783784,6.210810810810811,358.0,0.030986756756756755,0.07489216216216216,0.04714864864864865,0.6230513513513514,0.8108108108108109,0.02702702702702703,83.62162162162163,0.0,0.0,0.0,0.0,0.0,311963.4864864865,7.162162162162162,3.4594594594594597,45.08108108108108
Dango Ouattara,MID,Bournemouth,2.338888888888889,0.16666666666666666,0.2222222222222222,8.833333333333334,0.05555555555555555,14.5,705.0,0.09280666666666666,0.27163444444444446,0.19216111111111112,1.3811722222222222,1.2222222222222223,0.05555555555555555,63.833333333333336,0.0,0.0,0.0,0.0,0.0,4033.6666666666665,15.222222222222221,2.611111111111111,50.0
Danilo dos Santos de Oliveira,MID,Nott'm Forest,1.7055555555555555,0.1111111111111111,0.2777777777777778,9.88888888888889,0.05555555555555555,6.005555555555556,703.0,0.031247777777777777,0.10224777777777777,0.08766666666666667,1.1287555555555555,1.0,0.16666666666666666,54.22222222222222,0.0,0.0,0.0,0.0,0.0,3076.6111111111113,6.277777777777778,2.6666666666666665,45.0
Darwin Núñez Ribeiro,FWD,Liverpool,3.081081081081081,0.13513513513513514,0.21621621621621623,8.378378378378379,0.1891891891891892,9.105405405405405,297.0,0.04255027027027027,0.2597745945945946,0.22046756756756755,0.4659675675675676,0.5945945945945946,0.24324324324324326,45.513513513513516,0.0,0.0,0.02702702702702703,0.0,0.0,1054490.2972972973,29.135135135135137,2.7027027027027026,88.05405405405405
David De Gea Quintana,GK,Man Utd,4.964864864864865,0.0,0.13513513513513514,19.0,0.4594594594594595,0.35135135135135137,327.0,0.006122972972972973,0.000177027027027027,0.0,0.8690108108108108,1.135135135135135,0.0,90.0,0.0,0.0,0.0,2.675675675675676,0.0,1025956.027027027,0.0,4.162162162162162,49.567567567567565
David Raya Martin,GK,Brentford,4.356756756756757,0.0,0.5405405405405406,21.594594594594593,0.2972972972972973,0.5432432432432432,81.0,0.0029297297297297296,0.006172972972972973,0.002972972972972973,0.8161594594594594,1.2432432432432432,0.0,90.0,0.02702702702702703,0.0,0.0,4.108108108108108,0.0,1149047.027027027,0.10810810810810811,4.324324324324325,46.75675675675676
Declan Rice,MID,West Ham,2.7837837837837838,0.08108108108108109,0.32432432432432434,16.513513513513512,0.24324324324324326,14.118918918918919,467.0,0.03381189189189189,0.06072810810810811,0.031510810810810815,0.8896324324324325,1.2972972972972974,0.10810810810810811,86.0,0.0,0.0,0.0,0.0,0.02702702702702703,402689.8378378378,6.108108108108108,3.081081081081081,47.891891891891895
Dejan Kulusevski,MID,Spurs,2.597297297297297,0.1891891891891892,0.13513513513513514,8.27027027027027,0.1891891891891892,16.94864864864865,446.0,0.07841972972972973,0.12826567567567568,0.052548648648648645,0.6124540540540541,1.0810810810810811,0.05405405405405406,53.945945945945944,0.0,0.0,0.0,0.0,0.0,629181.8918918918,13.72972972972973,2.5135135135135136,79.56756756756756
Diego Da Silva Costa,FWD,Wolves,0.9483870967741935,0.0,0.0967741935483871,1.2903225806451613,0.1935483870967742,4.65483870967742,625.0,0.01389258064516129,0.062240967741935486,0.04899354838709677,0.4719870967741936,0.5483870967741935,0.03225806451612903,39.83870967741935,0.0,0.0,0.03225806451612903,0.0,0.0,36793.967741935485,16.258064516129032,1.064516129032258,54.096774193548384
Dominic Solanke,FWD,Bournemouth,2.6324324324324326,0.2702702702702703,0.3783783783783784,9.135135135135135,0.21621621621621623,6.994594594594595,66.0,0.03942405405405405,0.16712405405405403,0.18905135135135134,0.9096324324324324,1.3783783783783783,0.16216216216216217,75.0,0.0,0.0,0.0,0.0,0.0,299343.3783783784,27.62162162162162,3.4864864864864864,56.7027027027027
Douglas Luiz Soares de Paulo,MID,Aston Villa,3.3756756756756756,0.1891891891891892,0.4594594594594595,15.486486486486486,0.35135135135135137,17.40810810810811,46.0,0.05963378378378378,0.11858513513513513,0.06246486486486486,0.7757324324324325,0.918918918918919,0.13513513513513514,76.54054054054055,0.0,0.0,0.02702702702702703,0.0,0.0,55481.10810810811,6.324324324324325,3.6486486486486487,48.13513513513514
Dwight McNeil,MID,Everton,3.0837837837837836,0.13513513513513514,0.3783783783783784,13.35135135135135,0.10810810810810811,19.48918918918919,534.0,0.10806918918918919,0.18564216216216217,0.08027567567567569,1.017991891891892,1.2432432432432432,0.1891891891891892,64.86486486486487,0.0,0.0,0.0,0.0,0.0,26594.324324324323,11.675675675675675,3.324324324324324,51.891891891891895
Eberechi Eze,MID,Crystal Palace,3.908108108108108,0.13513513513513514,0.5675675675675675,15.486486486486486,0.24324324324324326,21.63243243243243,169.0,0.04143513513513514,0.15688918918918918,0.12302162162162163,0.470427027027027,0.918918918918919,0.2702702702702703,68.67567567567568,0.0,0.0,0.0,0.0,0.0,369413.8378378378,16.135135135135137,4.243243243243243,55.2972972972973
Ederson Santana de Moraes,GK,Man City,4.5729729729729724,0.02702702702702703,0.21621621621621623,15.243243243243244,0.2972972972972973,0.35405405405405405,307.0,0.00011729729729729731,0.00011729729729729731,0.0,0.47717567567567565,0.8378378378378378,0.0,82.70270270270271,0.0,0.0,0.0,1.162162162162162,0.0,1604531.6756756757,0.0,3.189189189189189,54.270270270270274
Emerson Palmieri dos Santos,DEF,Chelsea,1.0783783783783782,0.0,0.05405405405405406,5.513513513513513,0.05405405405405406,5.102702702702703,545.0,0.016422702702702702,0.02903621621621622,0.0191,0.583027027027027,0.7567567567567568,0.02702702702702703,35.08108108108108,0.0,0.0,0.0,0.0,0.0,160908.83783783784,4.8108108108108105,1.027027027027027,40.0
Emiliano Buendía Stati,MID,Aston Villa,3.2810810810810813,0.08108108108108109,0.21621621621621623,9.783783783783784,0.2972972972972973,14.394594594594595,42.0,0.08357972972972973,0.17998243243243242,0.10478108108108108,0.6822918918918919,0.918918918918919,0.13513513513513514,64.4054054054054,0.0,0.0,0.0,0.0,0.0,65056.24324324324,15.513513513513514,3.135135135135135,57.67567567567568
Emiliano Martínez Romero,GK,Aston Villa,3.564864864864865,0.0,0.40540540540540543,17.945945945945947,0.2972972972972973,0.2702702702702703,31.0,0.005741621621621621,0.005471351351351352,0.0,0.6976783783783784,1.0,0.0,82.4054054054054,0.02702702702702703,0.02702702702702703,0.0,2.5675675675675675,0.0,560277.8648648649,0.0,3.5675675675675675,49.32432432432432
Enzo Fernández,MID,Chelsea,2.7470588235294118,0.11764705882352941,0.058823529411764705,14.705882352941176,0.17647058823529413,18.076470588235296,724.0,0.1511764705882353,0.17647058823529413,0.04235294117647059,1.3652941176470588,1.411764705882353,0.0,85.70588235294117,0.0,0.0,0.0,0.0,0.0,125662.64705882352,3.764705882352941,2.3529411764705883,50.0
Eric Dier,DEF,Spurs,2.902702702702703,0.02702702702702703,0.13513513513513514,15.378378378378379,0.24324324324324326,3.027027027027027,430.0,0.0070762162162162166,0.03407891891891892,0.02754324324324324,0.7625297297297298,1.4054054054054055,0.05405405405405406,76.10810810810811,0.0,0.0,0.0,0.0,0.0,734116.4594594594,6.243243243243243,2.5945945945945947,51.108108108108105
Erling Haaland,FWD,Man City,10.183783783783785,0.24324324324324326,1.0810810810810811,28.10810810810811,0.35135135135135137,10.027027027027026,318.0,0.03610567567567567,0.5091948648648649,0.4728189189189189,0.4657324324324324,0.7027027027027027,0.972972972972973,74.78378378378379,0.0,0.0,0.0,0.0,0.0,8648464.675675675,49.32432432432432,7.351351351351352,121.35135135135135
Ethan Pinnock,DEF,Brentford,2.6648648648648647,0.0,0.08108108108108109,14.216216216216216,0.24324324324324326,2.8351351351351353,92.0,0.019774594594594595,0.07326108108108109,0.06862162162162162,0.8161594594594594,0.918918918918919,0.05405405405405406,70.54054054054055,0.02702702702702703,0.0,0.0,0.0,0.0,51795.13513513513,7.54054054054054,2.6216216216216215,44.054054054054056
Ezri Konsa Ngoyo,DEF,Aston Villa,2.864864864864865,0.0,0.16216216216216217,16.7027027027027,0.32432432432432434,3.1297297297297297,44.0,0.009173513513513514,0.025389729729729728,0.016756756756756756,0.8504756756756757,1.1891891891891893,0.0,87.35135135135135,0.0,0.0,0.0,0.0,0.0,50758.81081081081,1.945945945945946,2.918918918918919,44.108108108108105
Fabian Schär,DEF,Newcastle,3.945945945945946,0.08108108108108109,0.16216216216216217,16.2972972972973,0.40540540540540543,7.124324324324325,366.0,0.033742972972972976,0.11683486486486487,0.10065945945945946,0.604672972972973,0.7297297297297297,0.02702702702702703,84.24324324324324,0.02702702702702703,0.0,0.0,0.0,0.0,1335413.189189189,13.864864864864865,3.7027027027027026,49.351351351351354
Fabio Henrique Tavares,MID,Liverpool,2.616216216216216,0.02702702702702703,0.0,10.108108108108109,0.2972972972972973,8.162162162162161,282.0,0.03770351351351351,0.04840621621621622,0.014756756756756757,0.6527783783783784,0.8378378378378378,0.0,70.54054054054055,0.0,0.0,0.0,0.0,0.0,92543.21621621621,2.945945945945946,1.7837837837837838,52.891891891891895
Felipe Augusto de Almeida Monteiro,DEF,Nott'm Forest,1.2176470588235293,0.058823529411764705,0.17647058823529413,13.705882352941176,0.058823529411764705,4.676470588235294,730.0,0.06764705882352942,0.12823529411764706,0.07058823529411765,1.8723529411764706,1.8823529411764706,0.0,83.3529411764706,0.0,0.0,0.0,0.0,0.0,3798.3529411764707,7.647058823529412,1.4705882352941178,45.0
Gabriel Martinelli Silva,MID,Arsenal,6.34054054054054,0.24324324324324326,0.4864864864864865,17.513513513513512,0.3783783783783784,22.65135135135135,19.0,0.11428405405405405,0.2598489189189189,0.16745675675675675,0.6741324324324325,0.8918918918918919,0.40540540540540543,75.37837837837837,0.0,0.0,0.0,0.0,0.0,4464954.6486486485,35.13513513513514,5.351351351351352,66.13513513513513
Gabriel dos Santos Magalhães,DEF,Arsenal,3.989189189189189,0.0,0.40540540540540543,18.864864864864863,0.35135135135135137,3.505405405405405,16.0,0.01243945945945946,0.07903135135135135,0.07713243243243242,0.8086135135135135,1.162162162162162,0.08108108108108109,89.70270270270271,0.0,0.0,0.0,0.0,0.0,1386033.8918918918,10.837837837837839,3.7837837837837838,51.62162162162162
Gavin Bazunu,GK,Southampton,2.1810810810810812,0.0,0.08108108108108109,13.108108108108109,0.10810810810810811,0.2702702702702703,422.0,0.0005094594594594594,0.0005094594594594594,0.0,0.7649216216216216,1.5135135135135136,0.0,77.83783783783784,0.0,0.02702702702702703,0.0,1.864864864864865,0.0,72608.16216216216,0.0,2.27027027027027,44.91891891891892
Granit Xhaka,MID,Arsenal,4.551351351351352,0.21621621621621623,0.35135135135135137,15.91891891891892,0.32432432432432434,18.197297297297297,3.0,0.06465405405405407,0.11551081081081081,0.061937837837837836,0.6763756756756757,0.9459459459459459,0.13513513513513514,78.86486486486487,0.0,0.0,0.0,0.0,0.0,309184.1621621622,13.45945945945946,3.72972972972973,49.7027027027027
Harrison Reed,MID,Fulham,2.618918918918919,0.10810810810810811,0.24324324324324326,10.91891891891892,0.24324324324324326,13.394594594594595,211.0,0.03505027027027027,0.05812324324324324,0.025775675675675676,0.762827027027027,1.1891891891891893,0.08108108108108109,76.86486486486487,0.02702702702702703,0.0,0.0,0.0,0.0,95808.02702702703,7.1891891891891895,2.864864864864865,44.270270270270274
Harry Kane,FWD,Spurs,6.616216216216216,0.21621621621621623,1.2162162162162162,25.486486486486488,0.2972972972972973,18.4,427.0,0.07302027027027028,0.33816081081081084,0.30000540540540543,0.8769135135135134,1.6486486486486487,0.7567567567567568,89.62162162162163,0.0,0.0,0.0,0.0,0.02702702702702703,3198851.108108108,45.351351351351354,6.675675675675675,115.5945945945946
Harry Souttar,DEF,Leicester,1.0294117647058822,0.058823529411764705,0.0,8.882352941176471,0.058823529411764705,2.288235294117647,727.0,0.0058823529411764705,0.07941176470588236,0.08647058823529412,1.1064705882352943,1.1176470588235294,0.0,58.294117647058826,0.058823529411764705,0.0,0.0,0.0,0.0,5145.588235294118,3.823529411764706,1.1764705882352942,45.0
Harvey Barnes,MID,Leicester,3.081081081081081,0.05405405405405406,0.0,9.594594594594595,0.16216216216216217,8.245945945945946,264.0,0.04250864864864865,0.18570864864864864,0.14725405405405403,0.9228594594594595,1.3513513513513513,0.32432432432432434,70.78378378378379,0.0,0.0,0.0,0.0,0.0,171777.02702702704,23.864864864864863,3.5405405405405403,67.91891891891892
Ibrahima Konaté,DEF,Liverpool,1.4297297297297298,0.0,0.0,8.243243243243244,0.1891891891891892,1.0702702702702702,290.0,0.017637837837837837,0.05052702702702703,0.032889189189189184,0.5923054054054054,0.5945945945945946,0.0,41.91891891891892,0.02702702702702703,0.0,0.0,0.0,0.0,65522.16216216216,3.891891891891892,1.3243243243243243,48.13513513513514
Idrissa Gueye,MID,Everton,1.96875,0.03125,0.03125,10.65625,0.21875,5.346875,611.0,0.0232971875,0.0320159375,0.01590625,1.155153125,1.40625,0.0,77.71875,0.0,0.0,0.0,0.0,0.0,6885.09375,1.65625,1.96875,48.9375
Ilkay Gündogan,MID,Man City,5.005405405405405,0.16216216216216217,0.24324324324324326,14.0,0.2702702702702703,17.21351351351351,300.0,0.07787243243243243,0.23118324324324324,0.16763513513513512,0.37107837837837837,0.5405405405405406,0.21621621621621623,63.54054054054054,0.0,0.0,0.0,0.0,0.02702702702702703,313086.08108108107,16.135135135135137,3.5675675675675675,73.72972972972973
Illan Meslier,GK,Leeds,2.808108108108108,0.0,0.21621621621621623,14.81081081081081,0.13513513513513514,0.0,238.0,6.405405405405406e-05,0.0033072972972972973,0.003243243243243243,1.0269297297297297,1.8108108108108107,0.0,82.70270270270271,0.0,0.0,0.0,2.5405405405405403,0.0,226826.37837837837,0.4594594594594595,2.4324324324324325,44.972972972972975
Issa Diop,DEF,West Ham,1.8945945945945943,0.0,0.21621621621621623,10.837837837837839,0.1891891891891892,0.4621621621621622,470.0,0.0032064864864864862,0.0037497297297297296,0.0008135135135135135,0.6480216216216217,0.6486486486486487,0.02702702702702703,51.83783783783784,0.0,0.0,0.0,0.0,0.0,29493.702702702703,2.0,2.108108108108108,43.24324324324324
Ivan Perišić,DEF,Spurs,2.827027027027027,0.21621621621621623,0.16216216216216217,11.621621621621621,0.16216216216216217,18.83243243243243,448.0,0.07481891891891893,0.11083243243243242,0.04168918918918919,0.6530351351351352,1.1891891891891893,0.02702702702702703,56.729729729729726,0.0,0.0,0.0,0.0,0.0,2176032.945945946,9.405405405405405,2.5405405405405403,54.54054054054054
Ivan Toney,FWD,Brentford,5.097297297297297,0.10810810810810811,0.9459459459459459,16.405405405405407,0.2702702702702703,11.467567567567567,80.0,0.07040351351351351,0.36287108108108107,0.3165216216216216,0.6985648648648648,1.135135135135135,0.5405405405405406,79.8108108108108,0.0,0.0,0.0,0.0,0.02702702702702703,2917923.864864865,33.513513513513516,4.918918918918919,74.72972972972973
Jack Grealish,MID,Man City,5.827027027027027,0.2702702702702703,0.24324324324324326,13.243243243243244,0.2702702702702703,19.494594594594595,305.0,0.14560567567567567,0.21275162162162162,0.09768648648648648,0.30253243243243244,0.43243243243243246,0.13513513513513514,55.432432432432435,0.0,0.0,0.0,0.0,0.0,506910.4864864865,18.45945945945946,3.27027027027027,69.16216216216216
Jack Harrison,MID,Leeds,3.6648648648648647,0.21621621621621623,0.3783783783783784,10.27027027027027,0.16216216216216217,21.39189189189189,233.0,0.08348594594594594,0.16570756756756755,0.10951891891891892,0.8544918918918919,1.4054054054054055,0.10810810810810811,70.8108108108108,0.02702702702702703,0.0,0.0,0.0,0.0,263305.1081081081,12.594594594594595,3.4054054054054053,58.486486486486484
Jack Stephens,DEF,Southampton,0.572972972972973,0.0,0.02702702702702703,6.297297297297297,0.10810810810810811,1.5486486486486486,404.0,0.005678648648648648,0.012975945945945946,0.00972972972972973,0.6382540540540541,0.6486486486486487,0.0,32.91891891891892,0.0,0.0,0.0,0.0,0.0,5239.594594594595,1.3783783783783783,0.9459459459459459,43.24324324324324
Jacob Ramsey,MID,Aston Villa,3.027027027027027,0.16216216216216217,0.2972972972972973,12.0,0.2972972972972973,13.4,47.0,0.04689081081081081,0.1192664864864865,0.07724054054054054,0.6594783783783784,0.8648648648648649,0.16216216216216217,68.75675675675676,0.02702702702702703,0.0,0.0,0.0,0.0,106668.91891891892,11.18918918918919,3.4054054054054053,52.24324324324324
James Maddison,MID,Leicester,3.3540540540540538,0.24324324324324326,0.24324324324324326,13.891891891891891,0.10810810810810811,26.216216216216218,261.0,0.07412783783783783,0.22303324324324328,0.15620270270270273,0.7540243243243243,1.4324324324324325,0.2702702702702703,64.56756756756756,0.0,0.0,0.0,0.0,0.02702702702702703,764725.3513513514,20.783783783783782,3.5945945945945947,80.72972972972973
James Tarkowski,DEF,Everton,2.8513513513513513,0.02702702702702703,0.2972972972972973,16.405405405405407,0.21621621621621623,4.978378378378378,199.0,0.04006621621621622,0.09328243243243244,0.057540540540540544,1.176327027027027,1.5405405405405406,0.02702702702702703,90.0,0.0,0.0,0.0,0.0,0.0,324227.4324324324,11.702702702702704,2.6486486486486487,43.32432432432432
James Ward-Prowse,MID,Southampton,3.224324324324324,0.10810810810810811,0.4864864864864865,19.18918918918919,0.10810810810810811,31.118918918918922,407.0,0.09191297297297298,0.22310216216216217,0.13335135135135134,1.0546513513513514,1.837837837837838,0.21621621621621623,88.78378378378379,0.02702702702702703,0.0,0.0,0.0,0.05405405405405406,683568.0,8.621621621621621,3.6486486486486487,63.0
Jan Bednarek,DEF,Southampton,0.7432432432432432,0.0,0.05405405405405406,8.297297297297296,0.08108108108108109,1.0324324324324325,410.0,0.004620810810810811,0.012728918918918919,0.008378378378378378,0.7481891891891892,0.972972972972973,0.0,45.4054054054054,0.02702702702702703,0.0,0.0,0.0,0.0,26080.35135135135,1.162162162162162,0.8648648648648649,42.567567567567565
Jarrod Bowen,MID,West Ham,4.102702702702703,0.24324324324324326,0.24324324324324326,11.486486486486486,0.24324324324324326,18.237837837837837,465.0,0.11890135135135135,0.22719594594594594,0.12586216216216217,0.9066594594594595,1.3513513513513513,0.16216216216216217,86.5945945945946,0.0,0.0,0.0,0.0,0.02702702702702703,383340.7297297297,29.08108108108108,3.891891891891892,80.86486486486487
Jason Steele,GK,Brighton,2.394594594594595,0.02702702702702703,0.21621621621621623,8.405405405405405,0.16216216216216217,0.35135135135135137,102.0,0.004054054054054054,0.0,0.0,0.5578378378378378,0.5675675675675675,0.0,34.054054054054056,0.02702702702702703,0.02702702702702703,0.0,0.918918918918919,0.0,212582.32432432432,0.0,1.7027027027027026,39.45945945945946
Jefferson Lerma Solís,MID,Bournemouth,1.9864864864864864,0.0,0.13513513513513514,13.297297297297296,0.1891891891891892,7.594594594594595,64.0,0.06154594594594595,0.06151351351351352,0.0351027027027027,0.9710297297297298,1.7837837837837838,0.13513513513513514,85.45945945945945,0.02702702702702703,0.0,0.0,0.0,0.0,56530.18918918919,8.243243243243244,2.675675675675676,48.2972972972973
Jeffrey Schlupp,MID,Crystal Palace,2.305405405405405,0.05405405405405406,0.05405405405405406,8.756756756756756,0.24324324324324326,6.962162162162163,161.0,0.02186945945945946,0.07534243243243242,0.058608108108108105,0.5919621621621621,1.027027027027027,0.08108108108108109,68.32432432432432,0.0,0.0,0.0,0.0,0.0,13978.405405405405,8.486486486486486,2.4054054054054053,47.7027027027027
Joachim Andersen,DEF,Crystal Palace,1.7081081081081082,0.0,0.02702702702702703,12.675675675675675,0.21621621621621623,3.9540540540540543,165.0,0.019907297297297295,0.04320189189189189,0.027078378378378377,0.5184486486486487,0.972972972972973,0.02702702702702703,72.75675675675676,0.05405405405405406,0.0,0.0,0.0,0.0,229820.2972972973,7.378378378378378,2.108108108108108,45.0
Joe Willock,MID,Newcastle,3.4405405405405403,0.1891891891891892,0.2972972972972973,11.216216216216216,0.32432432432432434,14.186486486486485,373.0,0.06334162162162163,0.12997675675675677,0.12285135135135136,0.47664054054054056,0.7027027027027027,0.08108108108108109,69.08108108108108,0.0,0.0,0.0,0.0,0.0,84603.45945945945,17.675675675675677,3.324324324324324,48.13513513513514
Joe Worrall,DEF,Nott'm Forest,1.0810810810810811,0.0,0.05405405405405406,9.486486486486486,0.13513513513513514,1.7945945945945945,388.0,0.005380540540540541,0.02112108108108108,0.01601081081081081,0.7912567567567568,1.162162162162162,0.02702702702702703,57.432432432432435,0.0,0.0,0.0,0.0,0.0,14209.513513513513,2.4864864864864864,1.5945945945945945,42.7027027027027
Joelinton Cássio Apolinário de Lira,MID,Newcastle,3.472972972972973,0.13513513513513514,0.2702702702702703,12.378378378378379,0.2972972972972973,10.791891891891892,371.0,0.03008216216216216,0.1178118918918919,0.1334054054054054,0.5722405405405405,0.7027027027027027,0.16216216216216217,71.89189189189189,0.0,0.0,0.0,0.0,0.0,118652.16216216216,16.243243243243242,3.108108108108108,59.513513513513516
John McGinn,MID,Aston Villa,2.3513513513513513,0.13513513513513514,0.08108108108108109,9.54054054054054,0.2702702702702703,9.416216216216215,37.0,0.055822972972972965,0.08201216216216216,0.03564864864864865,0.6116081081081081,0.8108108108108109,0.02702702702702703,70.32432432432432,0.0,0.0,0.0,0.0,0.0,75895.24324324324,8.702702702702704,2.4054054054054053,51.75675675675676
John Stones,DEF,Man City,3.1486486486486487,0.05405405405405406,0.35135135135135137,11.405405405405405,0.1891891891891892,4.435135135135135,302.0,0.007485675675675676,0.028234324324324322,0.021289189189189192,0.2371783783783784,0.4594594594594595,0.05405405405405406,49.83783783783784,0.02702702702702703,0.0,0.0,0.0,0.0,330043.1621621622,3.6486486486486487,2.5135135135135136,54.4054054054054
Jordan Ayew,MID,Crystal Palace,2.9972972972972975,0.08108108108108109,0.10810810810810811,8.945945945945946,0.21621621621621623,12.58108108108108,159.0,0.04058567567567567,0.08949108108108109,0.06431081081081082,0.7128081081081081,1.0810810810810811,0.10810810810810811,70.75675675675676,0.0,0.0,0.0,0.0,0.0,31659.162162162163,11.594594594594595,2.7567567567567566,53.21621621621622
Jordan Henderson,MID,Liverpool,2.7270270270270274,0.08108108108108109,0.0,10.621621621621621,0.21621621621621623,13.67837837837838,275.0,0.054591351351351354,0.07208324324324325,0.023437837837837837,0.5550594594594594,0.7837837837837838,0.0,54.78378378378378,0.0,0.0,0.0,0.0,0.0,63844.21621621621,4.702702702702703,1.837837837837838,53.24324324324324
Jordan Pickford,GK,Everton,2.6810810810810812,0.02702702702702703,0.2702702702702703,17.486486486486488,0.1891891891891892,0.6216216216216216,182.0,0.002241081081081081,0.0017005405405405407,0.0,1.176327027027027,1.5405405405405406,0.0,87.56756756756756,0.0,0.02702702702702703,0.0,3.324324324324324,0.0,611554.3243243244,0.0,3.2162162162162162,44.513513513513516
Jorge Luiz Frello Filho,MID,Chelsea,2.5526315789473686,0.05263157894736842,0.13157894736842105,9.526315789473685,0.21052631578947367,6.686842105263158,130.0,0.01696815789473684,0.020389210526315787,0.004736842105263157,0.3381289473684211,0.6052631578947368,0.05263157894736842,53.60526315789474,0.0,0.0,0.0,0.0,0.0,253534.36842105264,2.5526315789473686,2.0,58.23684210526316
José Malheiro de Sá,GK,Wolves,4.04054054054054,0.0,0.4864864864864865,18.135135135135137,0.2972972972972973,0.0,478.0,8.189189189189189e-05,8.189189189189189e-05,0.0,0.9226324324324324,1.3513513513513513,0.0,85.13513513513513,0.0,0.05405405405405406,0.0,2.8378378378378377,0.0,600620.7567567568,0.0,3.972972972972973,50.13513513513514
João Félix Sequeira,FWD,Chelsea,2.8333333333333335,0.0,0.3333333333333333,6.238095238095238,0.09523809523809523,6.438095238095237,690.0,0.04497142857142857,0.20695714285714284,0.19103333333333333,0.6712190476190477,0.7619047619047619,0.19047619047619047,43.095238095238095,0.0,0.0,0.047619047619047616,0.0,0.0,233646.61904761905,13.666666666666666,2.0476190476190474,74.42857142857143
João Palhinha Gonçalves,MID,Fulham,2.1270270270270273,0.0,0.13513513513513514,9.891891891891891,0.24324324324324326,3.7594594594594595,220.0,0.0070291891891891885,0.06521837837837838,0.05872972972972973,0.8435702702702702,1.1081081081081081,0.08108108108108109,81.56756756756756,0.02702702702702703,0.0,0.0,0.0,0.0,30792.513513513513,8.513513513513514,2.2162162162162162,49.62162162162162
João Victor Gomes da Silva,MID,Wolves,1.4529411764705882,0.0,0.11764705882352941,4.588235294117647,0.11764705882352941,4.235294117647059,721.0,0.0058823529411764705,0.02411764705882353,0.017647058823529415,0.7047058823529412,0.7647058823529411,0.058823529411764705,33.23529411764706,0.0,0.0,0.0,0.0,0.0,3492.8823529411766,2.7058823529411766,1.1176470588235294,45.0
Joël Veltman,DEF,Brighton,3.054054054054054,0.02702702702702703,0.16216216216216217,12.027027027027026,0.2702702702702703,5.351351351351352,109.0,0.013134594594594595,0.03896972972972973,0.03205135135135135,0.40695675675675674,0.7297297297297297,0.02702702702702703,57.78378378378378,0.0,0.0,0.0,0.0,0.0,352005.45945945947,4.378378378378378,2.5675675675675675,45.972972972972975
Junior Firpo Adames,DEF,Leeds,0.7378378378378379,0.05405405405405406,0.08108108108108109,4.891891891891892,0.02702702702702703,3.3351351351351353,239.0,0.01946675675675676,0.020547837837837837,0.001891891891891892,0.7232432432432433,0.8378378378378378,0.02702702702702703,36.054054054054056,0.0,0.0,0.02702702702702703,0.0,0.0,4888.594594594595,1.1081081081081081,0.8108108108108109,45.0
Kai Havertz,FWD,Chelsea,3.6486486486486487,0.02702702702702703,0.35135135135135137,8.0,0.24324324324324326,13.872972972972972,145.0,0.05465567567567568,0.24741513513513516,0.23924594594594595,0.5748675675675675,0.8108108108108109,0.1891891891891892,67.75675675675676,0.0,0.0,0.0,0.0,0.0,422853.6216216216,27.35135135135135,2.72972972972973,76.70270270270271
Kalidou Koulibaly,DEF,Chelsea,2.6324324324324326,0.02702702702702703,0.21621621621621623,11.027027027027026,0.16216216216216217,2.8135135135135134,520.0,0.007485945945945946,0.016585945945945944,0.013424324324324326,0.36471621621621625,0.5945945945945946,0.05405405405405406,48.5945945945946,0.0,0.0,0.02702702702702703,0.0,0.0,749419.8918918918,3.810810810810811,2.0,55.027027027027025
Kamaldeen Sulemana,MID,Southampton,1.4470588235294117,0.058823529411764705,0.058823529411764705,5.235294117647059,0.17647058823529413,10.258823529411766,731.0,0.05823529411764706,0.1223529411764706,0.06647058823529413,0.8823529411764706,0.9411764705882353,0.0,51.411764705882355,0.0,0.0,0.0,0.0,0.0,1437.7058823529412,9.588235294117647,1.8235294117647058,49.76470588235294
Kaoru Mitoma,MID,Brighton,4.308108108108108,0.24324324324324326,0.2972972972972973,12.297297297297296,0.21621621621621623,15.340540540540541,124.0,0.08620027027027027,0.284484054054054,0.2199054054054054,0.8346459459459459,0.9459459459459459,0.1891891891891892,61.78378378378378,0.0,0.0,0.0,0.0,0.0,1334544.7027027027,23.16216216216216,3.7027027027027026,52.2972972972973
Kenny Tete,DEF,Fulham,2.3675675675675674,0.13513513513513514,0.0,12.243243243243244,0.1891891891891892,10.421621621621622,215.0,0.04388,0.053507027027027025,0.01205945945945946,0.8321756756756757,0.918918918918919,0.0,67.0,0.0,0.0,0.0,0.0,0.0,44237.13513513513,2.972972972972973,2.2162162162162162,44.32432432432432
Kepa Arrizabalaga,GK,Chelsea,3.683783783783784,0.0,0.40540540540540543,15.135135135135135,0.24324324324324326,0.002702702702702703,133.0,6.081081081081082e-05,6.081081081081082e-05,0.0,0.796864864864865,0.8648648648648649,0.0,66.89189189189189,0.0,0.0,0.0,2.3783783783783785,0.0,608960.5675675676,0.0,3.108108108108108,45.648648648648646
Kevin De Bruyne,MID,Man City,7.154054054054054,0.4864864864864865,0.7027027027027027,20.054054054054053,0.2702702702702703,39.910810810810815,301.0,0.20028675675675675,0.23967594594594593,0.07884864864864866,0.319554054054054,0.6216216216216216,0.1891891891891892,65.21621621621621,0.0,0.0,0.0,0.0,0.0,3323869.4864864866,16.16216216216216,4.945945945945946,122.89189189189189
Kevin Schade,MID,Brentford,1.6631578947368422,0.05263157894736842,0.0,3.8421052631578947,0.15789473684210525,5.810526315789474,688.0,0.03374210526315789,0.12216315789473683,0.10894736842105263,0.37422105263157895,0.3684210526315789,0.0,37.0,0.0,0.0,0.0,0.0,0.0,539.6315789473684,10.789473684210526,1.4736842105263157,49.26315789473684
Keylor Navas,GK,Nott'm Forest,2.288235294117647,0.0,0.29411764705882354,16.058823529411764,0.11764705882352941,0.0,729.0,0.0005882352941176471,0.0,0.0,1.9411764705882353,1.8823529411764706,0.0,90.0,0.0,0.0,0.0,3.0,0.0,96243.05882352941,0.0,2.5294117647058822,45.0
Kieran Trippier,DEF,Newcastle,5.378378378378378,0.24324324324324326,1.054054054054054,25.405405405405407,0.43243243243243246,48.70810810810811,357.0,0.2080845945945946,0.20099,0.011554054054054054,0.6181864864864866,0.8108108108108109,0.02702702702702703,87.89189189189189,0.0,0.0,0.0,0.0,0.0,6305248.459459459,3.1621621621621623,5.351351351351352,58.027027027027025
Kiernan Dewsbury-Hall,MID,Leicester,2.0,0.08108108108108109,0.13513513513513514,9.135135135135135,0.16216216216216217,14.262162162162163,266.0,0.04048081081081081,0.0776754054054054,0.03854594594594595,0.5947513513513514,1.1081081081081081,0.05405405405405406,60.4054054054054,0.0,0.0,0.02702702702702703,0.0,0.0,94823.1081081081,6.297297297297297,2.135135135135135,49.37837837837838
Kyle Walker,DEF,Man City,2.8432432432432435,0.0,0.0,9.72972972972973,0.1891891891891892,4.762162162162162,299.0,0.026134864864864864,0.027602432432432433,0.0014675675675675675,0.4331567567567568,0.5135135135135135,0.0,50.351351351351354,0.0,0.0,0.0,0.0,0.0,584943.972972973,1.054054054054054,1.8108108108108107,48.45945945945946
Kyle Walker-Peters,DEF,Southampton,1.2027027027027026,0.0,0.05405405405405406,8.64864864864865,0.08108108108108109,7.002702702702703,409.0,0.038132972972972974,0.04272756756756757,0.009189189189189189,0.8672027027027027,1.4594594594594594,0.02702702702702703,69.1891891891892,0.0,0.0,0.0,0.0,0.0,95158.94594594595,5.216216216216216,1.5135135135135136,44.351351351351354
Leon Bailey,MID,Aston Villa,2.1864864864864866,0.13513513513513514,0.16216216216216217,6.1891891891891895,0.21621621621621623,11.864864864864865,45.0,0.05174486486486487,0.1371908108108108,0.08841891891891893,0.5225702702702703,0.8378378378378378,0.10810810810810811,51.24324324324324,0.0,0.0,0.0,0.0,0.0,530499.5405405406,14.324324324324325,2.6486486486486487,45.32432432432432
Lewis Dunk,DEF,Brighton,3.6486486486486487,0.02702702702702703,0.1891891891891892,17.513513513513512,0.32432432432432434,4.38918918918919,106.0,0.020444864864864864,0.034631351351351355,0.026078378378378377,0.8618918918918919,1.3513513513513513,0.02702702702702703,87.56756756756756,0.02702702702702703,0.0,0.0,0.0,0.0,595953.0540540541,4.864864864864865,3.027027027027027,46.83783783783784
Lloyd Kelly,DEF,Bournemouth,1.2216216216216218,0.05405405405405406,0.13513513513513514,9.594594594594595,0.13513513513513514,2.6216216216216215,73.0,0.008606486486486487,0.012492972972972973,0.0046972972972972975,0.750872972972973,1.0,0.0,52.7027027027027,0.0,0.0,0.0,0.0,0.0,69165.21621621621,0.7027027027027027,1.5675675675675675,43.5945945945946
Lucas Tolentino Coelho de Lima,MID,West Ham,2.7181818181818183,0.15151515151515152,0.24242424242424243,11.606060606060606,0.18181818181818182,13.530303030303031,603.0,0.0644369696969697,0.15467939393939392,0.10145454545454545,0.8633272727272727,1.121212121212121,0.12121212121212122,63.15151515151515,0.0,0.0,0.0,0.0,0.0,80288.54545454546,14.333333333333334,2.909090909090909,59.24242424242424
Lukasz Fabianski,GK,West Ham,3.0567567567567564,0.0,0.2702702702702703,16.513513513513512,0.24324324324324326,0.0,455.0,7.837837837837837e-05,7.837837837837837e-05,0.0,0.8780108108108107,1.2432432432432432,0.0,81.64864864864865,0.0,0.02702702702702703,0.0,2.891891891891892,0.0,130941.72972972973,0.0,3.4054054054054053,49.7027027027027
Luke Ayling,DEF,Leeds,1.545945945945946,0.02702702702702703,0.10810810810810811,8.594594594594595,0.08108108108108109,5.6567567567567565,222.0,0.052018918918918924,0.11715405405405405,0.06756756756756757,0.9749972972972973,1.1891891891891893,0.05405405405405406,52.91891891891892,0.0,0.0,0.0,0.0,0.0,18764.756756756757,7.135135135135135,1.5945945945945945,45.0
Luke Shaw,DEF,Man Utd,3.8513513513513513,0.10810810810810811,0.5405405405405406,16.91891891891892,0.32432432432432434,13.405405405405405,332.0,0.059337297297297295,0.08022918918918918,0.024945945945945947,0.7882351351351351,0.9459459459459459,0.02702702702702703,68.97297297297297,0.0,0.0,0.0,0.0,0.0,1378337.3783783785,3.189189189189189,3.3513513513513513,50.189189189189186
Manuel Akanji,DEF,Man City,3.878125,0.03125,0.15625,14.375,0.21875,4.578125,610.0,0.0270728125,0.0472134375,0.020453125000000003,0.49558125,0.71875,0.0,71.375,0.0,0.0,0.0,0.0,0.0,246744.125,5.625,2.5625,50.0625
Marc Guéhi,DEF,Crystal Palace,2.3594594594594596,0.0,0.05405405405405406,16.513513513513512,0.24324324324324326,3.8567567567567567,167.0,0.018454594594594594,0.04646810810810811,0.028283783783783784,0.7646405405405405,1.2162162162162162,0.02702702702702703,87.56756756756756,0.02702702702702703,0.0,0.0,0.0,0.0,198612.5945945946,5.54054054054054,2.5135135135135136,44.13513513513514
Marc Roca Junqué,MID,Leeds,1.7027027027027026,0.08108108108108109,0.08108108108108109,9.64864864864865,0.05405405405405406,12.85945945945946,245.0,0.05910540540540541,0.07868108108108109,0.035521621621621625,0.8307864864864865,1.6216216216216217,0.02702702702702703,62.5945945945946,0.0,0.0,0.0,0.0,0.0,9185.243243243243,8.72972972972973,1.8108108108108107,48.45945945945946
Marcel Sabitzer,MID,Man Utd,2.4705882352941178,0.058823529411764705,0.0,5.764705882352941,0.29411764705882354,8.170588235294119,728.0,0.07058823529411765,0.09058823529411765,0.04352941176470588,0.6517647058823529,0.4117647058823529,0.0,36.588235294117645,0.0,0.0,0.0,0.0,0.0,9447.35294117647,4.9411764705882355,1.4705882352941178,47.76470588235294
Marcos Senesi,DEF,Bournemouth,1.4694444444444443,0.0,0.1388888888888889,12.5,0.1388888888888889,2.163888888888889,576.0,0.005809166666666667,0.03469805555555556,0.04,0.8250361111111111,1.5,0.05555555555555555,66.63888888888889,0.0,0.0,0.0,0.0,0.0,16856.583333333332,2.9722222222222223,1.8888888888888888,44.55555555555556
Marcus Rashford,MID,Man Utd,6.6,0.1891891891891892,0.5675675675675675,14.324324324324325,0.35135135135135137,11.905405405405405,335.0,0.04204297297297297,0.3197808108108108,0.2880081081081081,0.7649324324324325,1.027027027027027,0.4594594594594595,75.78378378378379,0.0,0.0,0.0,0.0,0.0,3627802.6486486485,34.810810810810814,5.486486486486487,69.10810810810811
Mario Lemina,MID,Wolves,1.4157894736842105,0.05263157894736842,0.0,9.578947368421053,0.2631578947368421,3.4210526315789473,698.0,0.024584736842105263,0.03783736842105263,0.01325263157894737,1.341557894736842,1.2105263157894737,0.0,63.526315789473685,0.0,0.0,0.05263157894736842,0.0,0.0,987.8947368421053,1.894736842105263,1.736842105263158,45.0
Martin Ødegaard,MID,Arsenal,6.064864864864865,0.21621621621621623,0.8108108108108109,21.54054054054054,0.32432432432432434,29.740540540540543,7.0,0.12648135135135136,0.30144621621621626,0.18199189189189188,0.742927027027027,1.027027027027027,0.40540540540540543,82.64864864864865,0.0,0.0,0.0,0.0,0.0,2703651.4054054054,24.864864864864863,5.648648648648648,66.62162162162163
Mateo Kovacic,MID,Chelsea,1.627027027027027,0.05405405405405406,0.05405405405405406,7.702702702702703,0.10810810810810811,9.832432432432432,132.0,0.03478729729729729,0.040800810810810814,0.041148648648648645,0.4038324324324324,0.6756756756756757,0.02702702702702703,45.37837837837838,0.0,0.0,0.0,0.0,0.0,38561.56756756757,3.081081081081081,1.4054054054054055,49.054054054054056
Mateus Cardoso Lemos Martins,MID,Leicester,1.7058823529411764,0.0,0.058823529411764705,5.294117647058823,0.0,5.805882352941176,715.0,0.015294117647058824,0.11705882352941177,0.10176470588235294,0.7776470588235294,0.8823529411764706,0.058823529411764705,43.05882352941177,0.0,0.0,0.0,0.0,0.0,10585.588235294117,6.411764705882353,1.588235294117647,52.588235294117645
Matheus Luiz Nunes,MID,Wolves,2.1599999999999997,0.02857142857142857,0.14285714285714285,9.571428571428571,0.3142857142857143,11.571428571428571,589.0,0.020632285714285714,0.05667228571428572,0.03632571428571429,0.8211542857142857,1.0,0.02857142857142857,69.2,0.0,0.0,0.02857142857142857,0.0,0.0,18610.571428571428,8.857142857142858,2.257142857142857,48.628571428571426
Matheus Santos Carneiro Da Cunha,FWD,Wolves,1.8,0.0,0.3,6.1,0.25,4.755,682.0,0.008753,0.091078,0.08582500000000001,0.8376950000000001,0.6,0.1,48.05,0.0,0.0,0.0,0.0,0.0,20086.8,10.85,1.95,54.15
Mathias Jensen,MID,Brentford,3.9108108108108106,0.1891891891891892,0.2972972972972973,13.45945945945946,0.2702702702702703,21.294594594594592,88.0,0.08244810810810811,0.12006432432432432,0.05085945945945946,0.6728621621621622,1.0810810810810811,0.13513513513513514,75.8108108108108,0.0,0.0,0.0,0.0,0.0,218927.64864864864,5.621621621621622,3.5675675675675675,48.83783783783784
Max Kilman,DEF,Wolves,2.9351351351351354,0.02702702702702703,0.32432432432432434,16.594594594594593,0.2972972972972973,1.8081081081081083,484.0,0.009938378378378378,0.027708648648648648,0.019932432432432434,0.9950648648648649,1.4054054054054055,0.0,87.56756756756756,0.0,0.0,0.0,0.0,0.0,289214.8108108108,2.864864864864865,2.945945945945946,44.21621621621622
Maximilian Wöber,DEF,Leeds,1.5,0.0,0.1,9.65,0.1,3.29,691.0,0.0167155,0.0454055,0.02869,1.096,1.05,0.0,60.25,0.0,0.0,0.0,0.0,0.0,5106.75,2.7,1.3,44.6
Michael Olise,MID,Crystal Palace,3.618918918918919,0.2702702702702703,0.3783783783783784,13.297297297297296,0.21621621621621623,27.42162162162162,171.0,0.12372756756756756,0.1663545945945946,0.052627027027027026,0.7759054054054054,1.0,0.05405405405405406,71.72972972972973,0.0,0.0,0.0,0.0,0.0,78627.08108108108,12.486486486486486,3.4054054054054053,54.21621621621622
Michail Antonio,FWD,West Ham,2.1216216216216215,0.08108108108108109,0.10810810810810811,5.945945945945946,0.13513513513513514,5.613513513513513,458.0,0.01030216216216216,0.12106162162162162,0.12184054054054054,0.5615378378378378,0.7297297297297297,0.13513513513513514,47.5945945945946,0.0,0.0,0.0,0.0,0.0,194877.8108108108,15.108108108108109,2.2162162162162162,70.78378378378379
Miguel Almirón Rejala,MID,Newcastle,3.7162162162162162,0.10810810810810811,0.40540540540540543,13.675675675675675,0.40540540540540543,10.71891891891892,369.0,0.04873432432432433,0.12243972972972972,0.07343513513513514,0.35864324324324326,0.5675675675675675,0.2972972972972973,64.78378378378379,0.0,0.0,0.0,0.0,0.0,1934074.1081081082,22.783783783783782,4.216216216216216,54.08108108108108
Mohamed Elyounoussi,MID,Southampton,1.1405405405405407,0.02702702702702703,0.0,5.8108108108108105,0.05405405405405406,7.651351351351352,406.0,0.017033243243243245,0.04283054054054054,0.025527027027027027,0.6312,1.162162162162162,0.02702702702702703,56.729729729729726,0.0,0.0,0.0,0.0,0.0,6779.891891891892,10.486486486486486,1.6216216216216217,52.21621621621622
Mohamed Salah,MID,Liverpool,7.24054054054054,0.32432432432432434,0.6216216216216216,17.37837837837838,0.35135135135135137,23.51081081081081,283.0,0.11924594594594594,0.48128648648648653,0.3690675675675676,0.7602837837837838,1.1081081081081081,0.5135135135135135,86.48648648648648,0.0,0.0,0.0,0.0,0.05405405405405406,3753905.4324324327,43.78378378378378,6.324324324324325,128.51351351351352
Moisés Caicedo Corozo,MID,Brighton,2.17027027027027,0.02702702702702703,0.0,13.405405405405405,0.2702702702702703,17.81081081081081,120.0,0.04219648648648648,0.04792621621621621,0.023297297297297296,0.8079513513513514,1.2702702702702702,0.02702702702702703,83.5945945945946,0.0,0.0,0.0,0.0,0.0,33959.43243243243,5.621621621621622,2.135135135135135,50.0
Morgan Gibbs-White,MID,Wolves,2.5405405405405403,0.2972972972972973,0.2972972972972973,12.621621621621621,0.21621621621621623,25.435135135135134,493.0,0.10654972972972973,0.21280648648648648,0.11814864864864866,1.0097864864864865,1.6216216216216217,0.13513513513513514,82.78378378378379,0.0,0.0,0.0,0.0,0.0,47294.94594594595,16.864864864864863,3.810810810810811,55.0
Mykhailo Mudryk,MID,Chelsea,1.6055555555555554,0.1111111111111111,0.0,4.055555555555555,0.0,8.133333333333333,699.0,0.07003722222222222,0.13232055555555555,0.10117222222222222,0.6042111111111111,0.5555555555555556,0.0,36.111111111111114,0.0,0.0,0.0,0.0,0.0,163694.88888888888,7.777777777777778,1.3888888888888888,66.22222222222223
Nathan Aké,DEF,Man City,3.1675675675675676,0.0,0.1891891891891892,10.567567567567568,0.21621621621621623,4.367567567567567,308.0,0.026051621621621623,0.0645191891891892,0.039008108108108105,0.28052162162162164,0.40540540540540543,0.02702702702702703,48.891891891891895,0.0,0.0,0.0,0.0,0.0,260786.86486486485,4.054054054054054,2.27027027027027,50.21621621621622
Nathaniel Clyne,DEF,Crystal Palace,1.3918918918918919,0.0,0.0,6.648648648648648,0.08108108108108109,3.3756756756756756,157.0,0.013809189189189192,0.013809189189189192,0.0,0.47637837837837843,0.6216216216216216,0.0,44.270270270270274,0.0,0.0,0.0,0.0,0.0,16104.54054054054,0.21621621621621623,1.1891891891891893,45.0
Nayef Aguerd,DEF,West Ham,1.5810810810810811,0.0,0.13513513513513514,8.18918918918919,0.13513513513513514,1.8243243243243243,472.0,0.006266216216216217,0.059547297297297304,0.058956756756756754,0.7290675675675675,0.7027027027027027,0.05405405405405406,40.648648648648646,0.0,0.0,0.0,0.0,0.0,18970.18918918919,3.054054054054054,1.5405405405405406,48.21621621621622
Nick Pope,GK,Newcastle,4.035135135135135,0.0,0.3783783783783784,18.324324324324323,0.3783783783783784,0.5405405405405406,376.0,9.810810810810812e-05,9.810810810810812e-05,0.0,0.6800783783783784,0.8648648648648649,0.0,88.13513513513513,0.0,0.05405405405405406,0.02702702702702703,2.3513513513513513,0.0,2068594.7027027027,0.0,4.243243243243243,53.08108108108108
Noni Madueke,MID,Chelsea,1.488235294117647,0.0,0.058823529411764705,5.0,0.0,7.758823529411765,708.0,0.034705882352941184,0.07470588235294118,0.045294117647058825,0.6711764705882353,0.7058823529411765,0.058823529411764705,32.470588235294116,0.0,0.0,0.0,0.0,0.0,7485.470588235294,10.705882352941176,1.3529411764705883,54.64705882352941
Norberto Murara Neto,GK,Bournemouth,2.2,0.0,0.25,14.166666666666666,0.16666666666666666,0.0,574.0,0.0006302777777777778,0.0006302777777777778,0.0,0.9297277777777777,1.0833333333333333,0.0,66.25,0.0,0.0,0.0,2.7777777777777777,0.0,34870.72222222222,0.0,2.5833333333333335,45.0
Nélson Cabral Semedo,DEF,Wolves,2.0216216216216214,0.02702702702702703,0.13513513513513514,11.054054054054054,0.21621621621621623,6.121621621621622,482.0,0.017758108108108107,0.029093243243243246,0.011335135135135135,0.9629243243243243,1.027027027027027,0.0,68.72972972972973,0.0,0.0,0.02702702702702703,0.0,0.0,49896.43243243243,2.135135135135135,2.027027027027027,50.0
Oleksandr Zinchenko,DEF,Arsenal,2.935135135135135,0.05405405405405406,0.21621621621621623,13.513513513513514,0.2702702702702703,10.478378378378379,313.0,0.04865459459459459,0.07893837837837837,0.03244594594594595,0.5849945945945946,0.7567567567567568,0.02702702702702703,57.351351351351354,0.0,0.0,0.0,0.0,0.0,1329968.2432432433,5.135135135135135,2.675675675675676,51.0
Oliver Skipp,MID,Spurs,1.1162162162162161,0.0,0.02702702702702703,4.945945945945946,0.10810810810810811,3.8756756756756756,441.0,0.008342702702702704,0.01374810810810811,0.006216216216216217,0.5282945945945946,0.7297297297297297,0.02702702702702703,37.810810810810814,0.0,0.0,0.0,0.0,0.0,12617.945945945947,1.4054054054054055,1.1081081081081081,43.486486486486484
Ollie Watkins,FWD,Aston Villa,5.1,0.21621621621621623,0.5945945945945946,13.945945945945946,0.35135135135135137,11.04054054054054,40.0,0.028102702702702705,0.28666216216216217,0.2918027027027027,0.7187729729729729,1.054054054054054,0.3783783783783784,82.13513513513513,0.0,0.0,0.0,0.0,0.02702702702702703,860891.2972972973,34.270270270270274,4.486486486486487,73.16216216216216
Orel Mangala,MID,Nott'm Forest,0.9378378378378379,0.02702702702702703,0.0,4.864864864864865,0.13513513513513514,1.664864864864865,536.0,0.018284324324324325,0.02325189189189189,0.010372972972972974,0.6254324324324324,0.6216216216216216,0.02702702702702703,39.78378378378378,0.0,0.0,0.0,0.0,0.0,2610.108108108108,2.027027027027027,1.2972972972972974,49.13513513513514
Pablo Sarabia,MID,Wolves,1.6833333333333333,0.0,0.16666666666666666,3.1666666666666665,0.16666666666666666,10.261111111111111,704.0,0.049203333333333335,0.21160333333333334,0.1662888888888889,0.7425666666666666,0.5,0.05555555555555555,42.44444444444444,0.0,0.0,0.0,0.0,0.0,15343.888888888889,8.722222222222221,1.5,53.111111111111114
Pascal Groß,MID,Brighton,4.35945945945946,0.1891891891891892,0.35135135135135137,19.56756756756757,0.2972972972972973,32.71351351351352,104.0,0.17001675675675676,0.19668702702702703,0.06721081081081082,0.8465837837837837,1.3243243243243243,0.24324324324324326,85.13513513513513,0.02702702702702703,0.0,0.0,0.0,0.0,1290415.2972972973,15.45945945945946,4.162162162162162,55.62162162162162
Pascal Struijk,DEF,Leeds,2.172972972972973,0.05405405405405406,0.10810810810810811,11.54054054054054,0.10810810810810811,5.8432432432432435,235.0,0.005519189189189189,0.016000270270270272,0.010751351351351352,0.6325675675675676,1.3513513513513513,0.05405405405405406,57.83783783783784,0.0,0.0,0.0,0.0,0.0,77170.13513513513,6.837837837837838,1.8108108108108107,45.0
Patrick Bamford,FWD,Leeds,1.935135135135135,0.13513513513513514,0.08108108108108109,4.243243243243243,0.02702702702702703,4.6378378378378375,227.0,0.018477297297297298,0.11813945945945944,0.11885135135135134,0.5397648648648649,0.8378378378378378,0.10810810810810811,40.810810810810814,0.0,0.0,0.0,0.0,0.05405405405405406,58296.43243243243,15.891891891891891,1.8918918918918919,72.05405405405405
Pedro Porro,DEF,Spurs,2.23125,0.125,0.1875,13.25,0.125,22.31875,733.0,0.12875,0.221875,0.099375,1.1199999999999999,1.5625,0.125,65.125,0.0,0.0,0.0,0.0,0.0,69124.1875,7.9375,2.875,48.4375
Pervis Estupiñán,DEF,Brighton,4.171428571428572,0.2,0.42857142857142855,16.82857142857143,0.2857142857142857,21.434285714285714,586.0,0.0679937142857143,0.10043085714285716,0.04758,0.9302542857142857,1.2285714285714286,0.02857142857142857,75.11428571428571,0.0,0.0,0.0,0.0,0.0,763984.6857142857,8.085714285714285,3.6285714285714286,46.57142857142857
Philip Billing,MID,Bournemouth,2.7270270270270274,0.05405405405405406,0.3783783783783784,12.432432432432432,0.24324324324324326,10.116216216216216,70.0,0.04799135135135135,0.13069135135135135,0.10053783783783783,0.8545162162162162,1.4324324324324325,0.1891891891891892,72.32432432432432,0.0,0.0,0.0,0.0,0.0,91196.05405405405,11.513513513513514,3.3513513513513513,52.37837837837838
Pierre-Emile Højbjerg,MID,Spurs,3.84054054054054,0.13513513513513514,0.2702702702702703,17.0,0.2702702702702703,13.07837837837838,433.0,0.048657837837837836,0.07636594594594595,0.02905945945945946,0.8370648648648649,1.5405405405405406,0.10810810810810811,84.62162162162163,0.0,0.0,0.0,0.0,0.0,253291.2162162162,6.108108108108108,3.2432432432432434,54.7027027027027
Raphaël Varane,DEF,Man Utd,2.1378378378378375,0.0,0.05405405405405406,10.594594594594595,0.2702702702702703,2.0,329.0,0.011269999999999999,0.030188918918918915,0.019459459459459462,0.49426756756756757,0.5945945945945946,0.0,51.67567567567568,0.02702702702702703,0.0,0.0,0.0,0.0,294234.0540540541,3.3513513513513513,2.081081081081081,48.108108108108105
Remo Freuler,MID,Nott'm Forest,1.2342857142857144,0.0,0.0,7.628571428571429,0.17142857142857143,4.991428571428571,582.0,0.016116571428571428,0.016799428571428573,0.008111428571428573,0.7950428571428572,1.3428571428571427,0.0,61.628571428571426,0.0,0.0,0.0,0.0,0.0,2292.0857142857144,1.542857142857143,1.542857142857143,49.285714285714285
Renan Augusto Lodi dos Santos,DEF,Nott'm Forest,0.9575757575757576,0.06060606060606061,0.09090909090909091,10.848484848484848,0.15151515151515152,6.309090909090909,602.0,0.03558696969696969,0.04998393939393939,0.017730303030303034,0.9934545454545454,1.4545454545454546,0.0,65.63636363636364,0.0,0.0,0.0,0.0,0.0,19286.060606060608,2.9393939393939394,1.6666666666666667,43.42424242424242
Rico Henry,DEF,Brentford,2.9972972972972975,0.08108108108108109,0.08108108108108109,13.0,0.2702702702702703,10.86216216216216,85.0,0.05559864864864865,0.08857162162162163,0.033783783783783786,0.7806810810810811,1.2432432432432432,0.0,85.13513513513513,0.0,0.0,0.0,0.0,0.0,224028.0810810811,5.324324324324325,2.8378378378378377,45.108108108108105
Riyad Mahrez,MID,Man City,5.9324324324324325,0.32432432432432434,0.2972972972972973,12.486486486486486,0.16216216216216217,20.9027027027027,303.0,0.12009864864864865,0.22300945945945946,0.11426216216216215,0.4148945945945946,0.5945945945945946,0.13513513513513514,49.270270270270274,0.0,0.0,0.0,0.0,0.0,558527.0540540541,14.054054054054054,3.3513513513513513,75.62162162162163
Robin Koch,DEF,Leeds,1.4054054054054055,0.0,0.05405405405405406,11.891891891891891,0.13513513513513514,1.9702702702702704,230.0,0.00686,0.03341135135135136,0.028713513513513512,1.139091891891892,1.8918918918918919,0.0,83.37837837837837,0.02702702702702703,0.0,0.0,0.0,0.0,17135.243243243243,5.4324324324324325,1.4864864864864864,45.0
Rodrigo Hernandez,MID,Man City,4.7918918918918925,0.16216216216216217,0.1891891891891892,16.37837837837838,0.2972972972972973,15.024324324324324,315.0,0.05937378378378378,0.15020081081081083,0.09461081081081081,0.46549729729729733,0.7027027027027027,0.05405405405405406,78.67567567567568,0.0,0.0,0.0,0.0,0.0,201457.72972972973,13.324324324324325,2.918918918918919,56.83783783783784
Romain Perraud,DEF,Southampton,1.4405405405405407,0.05405405405405406,0.13513513513513514,8.216216216216216,0.10810810810810811,6.797297297297297,417.0,0.022855675675675674,0.028004324324324325,0.009743243243243244,0.5294891891891892,0.9459459459459459,0.05405405405405406,49.4054054054054,0.02702702702702703,0.0,0.0,0.0,0.0,50540.18918918919,7.891891891891892,1.9189189189189189,42.86486486486486
Roméo Lavia,MID,Southampton,0.9594594594594594,0.02702702702702703,0.0,8.35135135135135,0.10810810810810811,5.8108108108108105,321.0,0.014445405405405407,0.018867027027027028,0.005772972972972973,0.9123243243243243,1.2972972972972974,0.02702702702702703,58.2972972972973,0.0,0.0,0.0,0.0,0.0,27445.18918918919,1.162162162162162,1.4864864864864864,45.0
Rúben Gato Alves Dias,DEF,Man City,3.34054054054054,0.0,0.02702702702702703,11.675675675675675,0.24324324324324326,2.2621621621621624,312.0,0.005945945945945946,0.025405405405405403,0.02027027027027027,0.27999999999999997,0.43243243243243246,0.0,53.972972972972975,0.0,0.0,0.0,0.0,0.0,842309.2972972973,3.3513513513513513,2.1621621621621623,59.432432432432435
Rúben da Silva Neves,MID,Wolves,2.789189189189189,0.05405405405405406,0.43243243243243246,14.972972972972974,0.2702702702702703,12.82972972972973,480.0,0.030870270270270273,0.10518378378378378,0.07755675675675676,0.9161459459459459,1.2432432432432432,0.16216216216216217,80.4054054054054,0.0,0.0,0.0,0.0,0.0,213590.5945945946,9.378378378378379,3.1621621621621623,54.108108108108105
Saïd Benrahma,MID,West Ham,2.9054054054054053,0.08108108108108109,0.13513513513513514,9.35135135135135,0.16216216216216217,16.59189189189189,464.0,0.06396621621621622,0.17694729729729727,0.13135945945945948,0.6277108108108108,0.8108108108108109,0.16216216216216217,54.0,0.0,0.0,0.0,0.0,0.0,113588.43243243243,17.64864864864865,2.810810810810811,56.16216216216216
Seamus Coleman,DEF,Everton,1.7756756756756757,0.0,0.13513513513513514,8.486486486486486,0.13513513513513514,2.937837837837838,178.0,0.01735945945945946,0.020924324324324325,0.0038351351351351352,0.6223135135135135,0.6756756756756757,0.02702702702702703,44.7027027027027,0.0,0.0,0.0,0.0,0.0,46749.67567567567,2.5675675675675675,1.7027027027027026,44.13513513513514
Sean Longstaff,MID,Newcastle,2.5837837837837836,0.13513513513513514,0.05405405405405406,9.378378378378379,0.35135135135135137,9.613513513513514,370.0,0.04240648648648648,0.09904162162162163,0.06771621621621622,0.45575405405405406,0.4864864864864865,0.02702702702702703,67.94594594594595,0.0,0.0,0.0,0.0,0.0,156843.9189189189,10.972972972972974,2.5135135135135136,43.62162162162162
Serge Aurier,DEF,Nott'm Forest,1.2903225806451613,0.0,0.25806451612903225,10.64516129032258,0.1935483870967742,5.293548387096774,628.0,0.020370322580645164,0.043528387096774195,0.02315806451612903,0.7734483870967742,0.967741935483871,0.03225806451612903,59.774193548387096,0.0,0.0,0.0,0.0,0.0,45623.967741935485,3.6129032258064515,2.193548387096774,44.45161290322581
Solly March,MID,Brighton,4.85945945945946,0.2702702702702703,0.43243243243243246,15.108108108108109,0.2702702702702703,26.002702702702702,107.0,0.12144135135135135,0.1877008108108108,0.11842162162162162,0.6400189189189188,1.0810810810810811,0.16216216216216217,73.48648648648648,0.0,0.0,0.0,0.0,0.0,570925.3513513514,25.7027027027027,3.972972972972973,51.027027027027025
Son Heung-min,MID,Spurs,4.3,0.13513513513513514,0.21621621621621623,12.18918918918919,0.24324324324324326,21.986486486486488,428.0,0.06953405405405406,0.23533675675675675,0.16688378378378377,0.7907810810810811,1.4594594594594594,0.2702702702702703,75.97297297297297,0.0,0.0,0.0,0.0,0.0,931667.7837837838,23.2972972972973,3.972972972972973,116.62162162162163
Sven Botman,DEF,Newcastle,3.2972972972972974,0.05405405405405406,0.1891891891891892,17.45945945945946,0.35135135135135137,3.2459459459459463,377.0,0.0049829729729729735,0.07029108108108109,0.06503783783783784,0.6498081081081081,0.7837837837837838,0.0,82.08108108108108,0.0,0.0,0.0,0.0,0.0,481442.6756756757,8.135135135135135,3.4054054054054053,44.648648648648646
Thiago Emiliano da Silva,DEF,Chelsea,2.5567567567567564,0.05405405405405406,0.21621621621621623,13.756756756756756,0.16216216216216217,2.327027027027027,128.0,0.018773243243243243,0.041940810810810816,0.023167567567567566,0.4527837837837838,0.8378378378378378,0.0,61.108108108108105,0.0,0.0,0.0,0.0,0.0,718533.3783783783,3.7027027027027026,2.108108108108108,54.2972972972973
Thilo Kehrer,DEF,West Ham,2.3314285714285714,0.08571428571428572,0.11428571428571428,9.971428571428572,0.14285714285714285,3.605714285714286,588.0,0.012155714285714285,0.013907142857142858,0.004037142857142856,0.56394,0.9142857142857143,0.0,61.114285714285714,0.02857142857142857,0.0,0.0,0.0,0.0,25193.457142857143,2.3714285714285714,1.8857142857142857,44.17142857142857
Thomas Partey,MID,Arsenal,2.554054054054054,0.0,0.16216216216216217,12.243243243243244,0.2702702702702703,11.881081081081081,6.0,0.04328351351351352,0.08467810810810811,0.04166486486486487,0.6280189189189189,0.7567567567567568,0.08108108108108109,64.5945945945946,0.0,0.0,0.0,0.0,0.0,50013.75675675676,6.486486486486487,2.2432432432432434,47.78378378378378
Tim Ream,DEF,Fulham,3.2972972972972974,0.0,0.32432432432432434,15.135135135135135,0.21621621621621623,1.7378378378378379,201.0,0.004857027027027027,0.010121891891891893,0.005535135135135135,0.7577864864864865,1.1891891891891893,0.02702702702702703,78.32432432432432,0.0,0.0,0.0,0.0,0.0,147121.02702702704,1.1081081081081081,2.6486486486486487,45.32432432432432
Timothy Castagne,DEF,Leicester,2.6459459459459462,0.10810810810810811,0.2972972972972973,16.243243243243242,0.21621621621621623,10.197297297297297,258.0,0.023054054054054054,0.041964864864864865,0.021072972972972975,1.1206432432432432,1.6756756756756757,0.05405405405405406,85.54054054054055,0.0,0.0,0.0,0.0,0.0,600098.1081081082,7.8108108108108105,3.027027027027027,44.62162162162162
Tomas Soucek,MID,West Ham,2.6405405405405404,0.10810810810810811,0.16216216216216217,9.837837837837839,0.21621621621621623,6.218918918918919,468.0,0.014917027027027028,0.056119729729729735,0.041743243243243244,0.7897594594594595,1.135135135135135,0.05405405405405406,75.97297297297297,0.0,0.0,0.0,0.0,0.0,91613.72972972973,12.756756756756756,2.7027027027027026,51.91891891891892
Trent Alexander-Arnold,DEF,Liverpool,4.7405405405405405,0.2702702702702703,0.5405405405405406,21.216216216216218,0.2702702702702703,31.572972972972973,285.0,0.17321540540540542,0.20073972972972973,0.032659459459459465,0.7354081081081081,1.0810810810810811,0.05405405405405406,76.54054054054055,0.0,0.0,0.0,0.0,0.0,2774851.891891892,6.513513513513513,4.108108108108108,73.67567567567568
Tyrick Mitchell,DEF,Crystal Palace,1.9945945945945944,0.05405405405405406,0.1891891891891892,12.567567567567568,0.21621621621621623,6.324324324324325,170.0,0.014225405405405405,0.020138918918918922,0.01402162162162162,0.8103135135135136,1.054054054054054,0.0,75.64864864864865,0.0,0.0,0.02702702702702703,0.0,0.0,86768.91891891892,3.6486486486486487,2.4594594594594597,44.432432432432435
Tyrone Mings,DEF,Aston Villa,3.4864864864864864,0.08108108108108109,0.4594594594594595,16.54054054054054,0.32432432432432434,2.3675675675675674,39.0,0.010947837837837837,0.0358127027027027,0.025405405405405403,0.7540702702702703,1.054054054054054,0.02702702702702703,82.70270270270271,0.02702702702702703,0.0,0.0,0.0,0.0,651195.972972973,3.27027027027027,3.4864864864864864,44.054054054054056
Vicente Guaita,GK,Crystal Palace,2.6378378378378375,0.0,0.2702702702702703,13.08108108108108,0.16216216216216217,0.0,152.0,0.00024324324324324328,0.00024324324324324328,0.0,0.5534459459459459,0.918918918918919,0.0,65.67567567567568,0.0,0.0,0.0,2.2972972972972974,0.0,221420.8108108108,0.0,2.675675675675676,44.54054054054054
Victor Kristiansen,DEF,Leicester,0.9,0.058823529411764705,0.0,6.529411764705882,0.0,7.017647058823529,709.0,0.03529411764705882,0.042352941176470586,0.007058823529411765,1.0517647058823532,1.2352941176470589,0.0,52.411764705882355,0.0,0.0,0.0,0.0,0.0,2356.5882352941176,0.8235294117647058,0.9411764705882353,45.0
Virgil van Dijk,DEF,Liverpool,3.77027027027027,0.02702702702702703,0.35135135135135137,17.18918918918919,0.2972972972972973,3.27027027027027,280.0,0.01842216216216216,0.06459513513513514,0.04617297297297297,0.6004297297297297,0.972972972972973,0.08108108108108109,76.62162162162163,0.0,0.0,0.0,0.0,0.0,1353486.2972972973,10.513513513513514,3.4324324324324325,65.05405405405405
Vitalii Mykolenko,DEF,Everton,1.9189189189189189,0.02702702702702703,0.10810810810810811,12.135135135135135,0.1891891891891892,7.994594594594595,194.0,0.012306216216216217,0.015833243243243242,0.004878378378378378,0.8194972972972974,1.2432432432432432,0.0,71.70270270270271,0.0,0.0,0.0,0.0,0.0,75404.1081081081,3.189189189189189,2.027027027027027,43.45945945945946
Vitaly Janelt,MID,Brentford,2.264864864864865,0.02702702702702703,0.13513513513513514,9.621621621621621,0.1891891891891892,6.651351351351352,86.0,0.022276486486486488,0.05521162162162162,0.03293513513513513,0.4214621621621622,0.7567567567567568,0.08108108108108109,57.054054054054056,0.0,0.0,0.0,0.0,0.0,14095.351351351352,6.027027027027027,2.2432432432432434,55.0
Vladimir Coufal,DEF,West Ham,1.4081081081081082,0.05405405405405406,0.05405405405405406,8.35135135135135,0.10810810810810811,8.932432432432432,463.0,0.03374972972972973,0.038919999999999996,0.00517027027027027,0.5744810810810811,0.8918918918918919,0.0,55.270270270270274,0.0,0.0,0.0,0.0,0.0,94249.13513513513,1.4594594594594594,1.5405405405405406,41.810810810810814
Weston McKennie,MID,Leeds,1.7555555555555555,0.05555555555555555,0.0,7.5,0.05555555555555555,11.205555555555556,720.0,0.030000000000000002,0.06055555555555556,0.037222222222222226,1.5272222222222223,1.8333333333333333,0.0,76.38888888888889,0.0,0.0,0.0,0.0,0.0,3910.1111111111113,4.5,1.6666666666666667,47.72222222222222
Wilfried Gnonto,FWD,Leeds,1.715625,0.125,0.1875,5.59375,0.125,10.109375,619.0,0.0521425,0.10856437499999999,0.056109375,0.749159375,0.84375,0.0625,42.0,0.0,0.0,0.0,0.0,0.0,83577.0625,7.90625,1.6875,49.375
Wilfried Zaha,MID,Crystal Palace,1.956756756756757,0.05405405405405406,0.16216216216216217,5.837837837837838,0.13513513513513514,10.4,160.0,0.03859702702702703,0.0967591891891892,0.06843243243243244,0.4997351351351352,0.918918918918919,0.1891891891891892,61.86486486486486,0.0,0.0,0.0,0.0,0.05405405405405406,1238257.0,22.91891891891892,2.5675675675675675,72.62162162162163
William Saliba,DEF,Arsenal,3.478378378378378,0.02702702702702703,0.3783783783783784,15.432432432432432,0.32432432432432434,2.724324324324324,26.0,0.004855675675675675,0.020079999999999997,0.015224324324324325,0.41753243243243243,0.6756756756756757,0.05405405405405406,65.27027027027027,0.02702702702702703,0.0,0.0,0.0,0.0,2804016.0,3.081081081081081,3.1621621621621623,50.648648648648646
Willian Borges da Silva,MID,Fulham,3.225,0.1875,0.34375,13.03125,0.28125,19.78125,614.0,0.063856875,0.12055375,0.056384375,0.75663125,0.625,0.15625,63.65625,0.0,0.0,0.0,0.0,0.0,29046.59375,13.5,3.46875,55.0
Wout Faes,DEF,Leicester,1.59375,0.0625,0.09375,16.0625,0.21875,3.6125,612.0,0.0156884375,0.0328103125,0.017746875000000002,1.27574375,1.5625,0.0,84.25,0.0625,0.0,0.03125,0.0,0.0,18348.96875,2.90625,2.125,43.3125
Wout Weghorst,FWD,Man Utd,1.575,0.05,0.0,2.9,0.2,8.61,701.0,0.058457999999999996,0.144443,0.08898500000000001,0.724415,0.55,0.0,38.85,0.0,0.0,0.0,0.0,0.0,56572.05,6.9,1.15,56.75
Youri Tielemans,MID,Leicester,1.727027027027027,0.05405405405405406,0.13513513513513514,11.675675675675675,0.16216216216216217,12.386486486486486,259.0,0.019306216216216216,0.055765675675675676,0.036459459459459456,0.6854648648648649,1.2972972972972974,0.08108108108108109,60.83783783783784,0.0,0.0,0.0,0.0,0.02702702702702703,153806.97297297296,5.135135135135135,2.1621621621621623,62.2972972972973
